Workbook

Sheet Summary
A1: # | B1: Table | C1: Description | D1: Fields | E1: Version | F1: Updated By | G1: Revision Date
A2: 1 | B2: 01 - Anomaly Hist | C2: ='01 - Anomaly Hist'!C7 -> Contains for all the snapshot days, all the anomalies and its status
A3: 2 | B3: 02 - Anomaly Dimension | C3: ='02 - Anomaly Dimension'!C7 -> Contains all the anomaly types
A4: 3 | B4: 03 - Date | C4: ='03 - Date'!C7 -> Contains a list of dates
A5: 4 | B5: 04 - Employees | C5: ='04 - Employees'!C7 -> Contains all the employees information throught time
A6: 5 | B6: 05 - Position | C6: ='05 - Position'!C7 -> Contains all the information for the positions, including details such as the Job Classification or the Cost Center
A7: 6 | B7: 06 - Transactions | C7: ='06 - Transactions'!C7 -> Contains all transaction records processed in the source system during a single day

Sheet Model

Sheet 01 - Anomaly Hist
B2: Table Level Setting | C2: Values | D2: Description
B3: Table Name | C3: W_HR_ANOMALY_HIST_F | D3: Physical table name
B4: Database Schema | C4: HC_DR_PBI | D4: Schema name for this table (leave blank for default dbo schema)
B5: Business Name | C5: 01 - Anomaly Hist | D5: Display or business name of the table
B6: Granularity | C6: Snapshot day, Anomaly (with x status) | D6: Indicates what a row represents
B7: Table Description | C7: Contains for all the snapshot days, all the anomalies and its status | D7: Brief description of the contents of this table
B8: Volume | C8: 22.428.565 rows | D8: Current volume in a production environment
B9: Scalability | C9: 2M rows/month | D9: How much table grows per month in a production environment
B10: Source tables | D10: In case this table is formed by multiple source tables, specify them here
B11: Relationships | D11: In case this table is formed by multiple source tables, specify the joins and other conditions to build the table
B13: Business Layer | D13: DWH Layer | K13: ERP Layer
A14: # | B14: Field Name | C14: Description / Dictionary | D14: Field Name | E14: Datatype | F14: Primary Key | G14: Foreign Key | K14: Source Table | L14: Source Field | M14: Logic
A15: 1 | B15: Integration ID | C15: Unique identifier for the row in the table | D15: INTEGRATON_ID | E15: Varchar | F15: Y
A16: 2 | B16: Anomaly Integration ID | C16: Unique identifier assigned to each anomaly within the system | D16: ANOMALY_INTEGRATION_ID | E16: Varchar
A17: 3 | B17: Record Load Date NR | C17: Date the record was first loaded into the system (in number type) | D17: RECORD_LOAD_DATE_NR | E17: Int
A18: 4 | B18: Record Load Date DT | C18: Date the record was first loaded into the system | D18: RECORD_LOAD_DATE_DT | E18: Date
A19: 5 | B19: Anomaly ID | C19: Unique identifier assigned to each anomaly type within the system | D19: ANOMALY_ID | E19: Int | G19: W_HR_ANOMALY_D
A20: 6 | B20: Detection Date | C20: Date the anomaly has been deteceted for first time | D20: DETECTION_DATE_DT | E20: Date
A21: 7 | B21: Employee WID | C21: Unique identifier (warehouse ID) used to link each transaction to the corresponding employee record | D21: EMPLOYEE_WID | E21: Int
A22: 8 | B22: Employee ID | C22: Unique identifier assigned to each employee within the system | D22: EMP_ID_TX | E22: Varchar | G22: W_HR_EMPLOYEES_D
A23: 9 | B23: Start Date | C23: Anomaly start date | D23: START_DATE_DT | E23: Date
A24: 10 | B24: End Date | C24: Anomaly end date | D24: END_DATE_DT | E24: Date
A25: 11 | B25: Number of days | C25: Anomaly duration (in days) | D25: NUMBER_OF_DAYS_NR | E25: Decimal
A26: 12 | B26: Description | C26: Anomaly description | D26: DESCRIPTION_TX | E26: Varchar
A27: 13 | B27: Parameter 1 description | C27: Defines the first parameter used to specify anomaly-related information | D27: PARAM_1_CHAR_DESC_TX | E27: Varchar
A28: 14 | B28: Parameter 1 value | C28: Value of the first parameter | D28: PARAM_1_CHAR_VALUE_TX | E28: Varchar
A29: 15 | B29: Parameter 2 description | C29: Defines the second parameter used to specify anomaly-related information | D29: PARAM_2_CHAR_DESC_TX | E29: Varchar
A30: 16 | B30: Parameter 2 value | C30: Value of the second parameter | D30: PARAM_2_CHAR_VALUE_TX | E30: Varchar
A31: 17 | B31: Parameter 1 integrer description | C31: Defines the third parameter used to specify numeric anomaly-related information | D31: PARAM_1_INT_DESC_TX | E31: Varchar
A32: 18 | B32: Parameter 1 integrer value | C32: Value of the third parameter | D32: PARAM_1_INT_VALUE_TX | E32: Int
A33: 19 | B33: Cost | C33: Cost of the anomaly | D33: COST_NR | E33: Decimal
A34: 20 | B34: Status | C34: Status of the anomaly ('Open' or 'Automatically Rectified') | D34: STATUS_TX | E34: Varchar
... A47: 33 | B47: Company WID | C47: Unique identifier (warehouse ID) used to link each transaction to the corresponding company record | D47: COMPANY_WID | E47: Varchar
A48: 34 | B48: Position ID | C48: Unique identifier assigned to each position within the system | D48: POSITION_ID | E48: Varchar | G48: W_HR_POSITIONS_D
A49: 35 | B49: Position Key | C49: System-generated key used to uniquely reference or link position records across tables | D49: POSITION_KEY | E49: Varchar
A50: 36 | B50: Application ID | C50: Unique identifier assigned to each application within the system | D50: APPLICATION_ID | E50: Varchar
A51: 37 | B51: Requisition ID | C51: Unique identifier assigned to each requisition within the system | D51: REQUISITION_ID | E51: Int
A52: 38 | B52: Organization Key | C52: System-generated key used to uniquely reference or link organization records across tables | D52: ORG_KEY | E52: Varchar

Sheet 02 - Anomaly Dimension
B2: Table Level Setting | C2: Values | D2: Description
B3: Table Name | C3: W_HR_ANOMALY_D | D3: Physical table name
B4: Database Schema | C4: HC_DR_PBI | D4: Schema name for this table (leave blank for default dbo schema)
B5: Business Name | C5: 02 - Anomaly Dimension | D5: Display or business name of the table
B6: Granularity | C6: Anomaly type level | D6: Indicates what a row represents
B7: Table Description | C7: Contains all the anomaly types | D7: Brief description of the contents of this table
B8: Volume | C8: 65 rows | D8: Current volume in a production environment
B9: Scalability | C9: 60 rows/year | D9: How much table grows per year in a production environment
B10: Source tables | D10: In case this table is formed by multiple source tables, specify them here
B11: Relationships | D11: In case this table is formed by multiple source tables, specify the joins and other conditions to build the table
B13: Business Layer | D13: DWH Layer | K13: ERP Layer
A14: # | B14: Field Name | C14: Description / Dictionary | D14: Field Name | E14: Datatype | F14: Primary Key | G14: Foreign Key | K14: Source Table | L14: Source Field | M14: Logic
A15: 1 | B15: Anomaly ID | C15: Unique identifier for the row in the table | D15: ANOMALY_ID | E15: Int | F15: Y
A16: 2 | B16: Anomaly Area | C16: Identifies the functional or process area where the anomaly was detected. | D16: ANOMALY_AREA | E16: Varchar
A17: 3 | B17: Anomalt Type | C17: Specifies the general classification of the anomaly | D17: ANOMALY_TYPE | E17: Varchar
A18: 4 | B18: Anomaly Subtype | C18: Provides a more detailed category within the anomaly type | D18: ANOMALY_SUBTYPE | E18: Varchar
A19: 5 | B19: Anomaly Name | C19: Descriptive name or label assigned to the anomaly for easy identification | D19: ANOMALY_NAME | E19: Varchar
A20: 6 | B20: Severity | C20: Indicates the level of impact or criticality of the anomaly (e.g., low, medium, high) | D20: SEVERITY | E20: Varchar
A21: 7 | B21: Validated | C21: Flag that shows whether the anomaly has been confirmed as valid | D21: VALIDATED | E21: Varchar
A22: 8 | B22: Gray Flag | C22: Indicator used to mark anomalies with uncertain or ambiguous validation status | D22: GREY_FLAG | E22: Varchar
A23: 9 | B23: Anomaly Batch | C23: Identifies the batch or group of anomalies develop during a specific month and year | D23: ANOMALY_BATCH | E23: Varchar
A24: 10 | B24: Snapshot flag | C24: Indicates if the anomaly has been validated and ready to be captured as part of a snapshot dataset | D24: SNAPSHOT_FL | E24: Varchar

Sheet 03 - Date
B2: Table Level Setting | C2: Values | D2: Description
B3: Table Name | C3: W_DATE_D | D3: Physical table name
B4: Database Schema | C4: dbo | D4: Schema name for this table (leave blank for default dbo schema)
B5: Business Name | C5: 03 - Date | D5: Display or business name of the table
B6: Granularity | C6: Day level | D6: Indicates what a row represents
B7: Table Description | C7: Contains a list of dates | D7: Brief description of the contents of this table
B8: Volume | C8: 14610 rows | D8: Current volume in a production environment
B9: Scalability | C9: 365 rows/year | D9: How much table grows per year in a production environment
B10: Source tables | D10: In case this table is formed by multiple source tables, specify them here
B11: Relationships | D11: In case this table is formed by multiple source tables, specify the joins and other conditions to build the table
B13: Business Layer | D13: DWH Layer | K13: ERP Layer
A14: # | B14: Field Name | C14: Description / Dictionary | D14: Field Name | E14: Datatype | F14: Primary Key | G14: Foreign Key | K14: Source Table | L14: Source Field | M14: Logic
A15: 1 | B15: Year Month Number | C15: Year and month number | D15: YEAR_MONTH_NR | E15: Int
A16: 2 | B16: Date | C16: Date | D16: DATE_DT | E16: Date | F16: Y
A17: 3 | B17: Year Number | C17: Year number | D17: YEAR_NR | E17: Int
A18: 4 | B18: Quarter | C18: Quarter | D18: QUARTER_NR | E18: Varchar
A19: 5 | B19: Month Number | C19: Month number | D19: MONTH_NR | E19: Varchar
A20: 6 | B20: Month Name | C20: Month name | D20: MONTH_TX | E20: Varchar
A21: 7 | B21: Weekday | C21: Day name of the week | D21: DAY_OF_WEEK_TX | E21: Int
A22: 8 | B22: Weekday Number | C22: Day number of the week | D22: DAY_OF_WEEK_NR | E22: Varchar
A23: 9 | B23: Year Month Name | C23: Year and month name | D23: YEAR_MONTH_TX | E23: Varchar
A24: 10 | B24: Year Quarter | C24: Year and quarter | D24: YEAR_QUARTER_TX | E24: Varchar
A25: 11 | B25: Day Number | C25: Day number | D25: DAY_OF_MONTH_NR | E25: Int
A26: 12 | B26: Start of Month | C26: First day of the month | D26: START_OF_MONTH_NR | E26: Date
A27: 13 | B27: End of Month | C27: Last day of the month | D27: END_OF_MONTH_NR | E27: Date

Sheet 04 - Employees
B2: Table Level Setting | C2: Values | D2: Description
B3: Table Name | C3: W_HR_EMPLOYEES_D | D3: Physical table name
B4: Database Schema | C4: dbo | D4: Schema name for this table (leave blank for default dbo schema)
B5: Business Name | C5: 04 - Employee | D5: Display or business name of the table
B6: Granularity | C6: Employee individual information for an specific month and year | D6: Indicates what a row represents
B7: Table Description | C7: Contains all the employees information throught time | D7: Brief description of the contents of this table
B8: Volume | C8: 800K rows | D8: Current volume in a production environment
B9: Scalability | C9: 100K rows/year | D9: How much table grows per year in a production environment
B10: Source tables | D10: In case this table is formed by multiple source tables, specify them here
B11: Relationships | D11: In case this table is formed by multiple source tables, specify the joins and other conditions to build the table
B13: Business Layer | D13: DWH Layer
A14: # | B14: Field Name | C14: Description / Dictionary | D14: Field Name | E14: Datatype | F14: Primary Key | G14: Foreign Key
A15: 1 | B15: Integration ID | C15: Unique identifier used to integrate data across systems | D15: INTEGRATION_ID | E15: Varchar | F15: Y
A16: =A15+1 -> 2 | B16: Employee ID | C16: Unique identifier assigned to each employee within the organization | D16: EMP_ID_TX | E16: Varchar
A17: =A16+1 -> 3 | B17: Position ID | C17: Unique identifier for the employee's current position within the organization | D17: POSITION_ID | E17: Varchar | G17: W_HR_POSITIONS_D
A18: =A17+1 -> 4 | B18: Location ID | C18: Unique identifier for the work location associated with the employee | D18: LOCATION_ID | E18: Varchar
A19: =A18+1 -> 5 | B19: Timestamp | C19: Timestamp when data is ingested | D19: TIMESTAMP_DT | E19: Date | G19: W_DATE_D
A20: =A19+1 -> 6 | B20: Employee Name | C20: Full name of the employee | D20: EMP_NAME_TX | E20: Varchar
A21: =A20+1 -> 7 | B21: Age | C21: Current age of the employee | D21: AGE_NR | E21: Int
A22: =A21+1 -> 8 | B22: Age Group | C22: Categorized grouping of employees based on age ranges | D22: AGE_GROUP_TX | E22: Varchar
A23: =A22+1 -> 9 | B23: Blood Type | C23: Employee’s blood type, typically recorded for health or safety reasons | D23: BLOOD_TYPE_TX | E23: Varchar
A24: =A23+1 -> 10 | B24: Job Name | C24: Title or name of the employee's job role | D24: JOB_NAME_TX | E24: Varchar
A25: =A24+1 -> 11 | B25: Date of Birth | C25: Employee’s birthdate | D25: DOB_DT | E25: Date
A26: =A25+1 -> 12 | B26: Entry Point Date (Start Date) | C26: Date when the employee started employment with the organization | D26: ENTRY_POINT_DATE_DT | E26: Date
A27: =A26+1 -> 13 | B27: Position Name | C27: Official name of the position held by the employee | D27: POSITION_NAME_TX | E27: Varchar
A28: =A27+1 -> 14 | B28: Work Location | C28: Physical location where the employee is based | D28: LOCATION_TX | E28: Varchar
A29: =A28+1 -> 15 | B29: Job Grade | C29: Classification of the employee's job within the organizational hierarchy | D29: JOB_GRADE_TX | E29: Varchar
A30: =A29+1 -> 16 | B30: Personal Grade | C30: Grade or level assigned to the employee based on personal qualifications or seniority | D30: SOURCE_PERSONAL_GRADE_TX | E30: Varchar
A31: =A30+1 -> 17 | B31: Gender | C31: Employee’s gender | D31: GENDER_TX | E31: Varchar
... A73: =A72+1 -> 59 | B73: Manager Position Name | C73: Name of the position held by the employee’s direct manager | D73: POSITION_NAME_TX | E73: Varchar

Sheet 05 - Position
B2: Table Level Setting | C2: Values | D2: Description
B3: Table Name | C3: W_HR_POSITIONS_D | D3: Physical table name
B4: Database Schema | C4: dbo | D4: Schema name for this table (leave blank for default dbo schema)
B5: Business Name | C5: 05 - Position | D5: Display or business name of the table
B6: Granularity | C6: Position | D6: Indicates what a row represents
B7: Table Description | C7: Contains all the information for the positions, including details such as the Job Classification or the Cost Center | D7: Brief description of the contents of this table
B8: Volume | C8: 18,617,726 rows | D8: Current volume in a production environment
B9: Scalability | C9: 1M rows/year | D9: How much table grows per month in a production environment
B10: Source tables | D10: In case this table is formed by multiple source tables, specify them here
B11: Relationships | D11: In case this table is formed by multiple source tables, specify the joins and other conditions to build the table
B13: Business Layer | D13: DWH Layer | K13: ERP Layer
A14: # | B14: Field Name | C14: Description / Dictionary | D14: Field Name | E14: Datatype | F14: Primary Key | G14: Foreign Key
A15: 1 | B15: Position ID | C15: A unique identifier assigned to each position within the organization. | D15: POSITION_ID_TX | E15: Varchar | F15: Y
A16: 2 | B16: Organization Group ID | C16: Organization group ID number | D16: ORGANIZATION_GROUP_ID_TX | E16: Varchar
A17: 3 | B17: Position Name | C17: The official title or name of the position. | D17: POSITION_NAME_TX | E17: Varchar
A18: 4 | B18: Position Validity | C18: The validity period for the position, often indicating if the position is current or obsolete. | D18: POSITION_VALIDITY_TX | E18: Varchar
A19: 5 | B19: Position Category | C19: The category of the position, such as administrative, technical, managerial, etc. | D19: POSITION_CATEGORY_TX | E19: Varchar
A20: 6 | B20: Position Type | C20: The type of position, such as permanent, temporary, contract, etc. | D20: POSITION_TYPE_TX | E20: Varchar
A21: 7 | B21: Position Level | C21: The job level of the position within the organization. | D21: POSITION_LEVEL_TX | E21: Varchar
A22: 8 | B22: Position Load Date | C22: The date on which the position data was loaded into the system. | D22: POSITION_LOAD_DATE_DT | E22: Date
A23: 9 | B23: Position Start Date | C23: The date on which the position was created or became effective. | D23: POSITION_START_DT | E23: Date
A24: 10 | B24: Position End Date | C24: The date on which the position was terminated or is set to end. | D24: POSITION_END_DT | E24: Date
A25: 11 | B25: Position Status | C25: The current status of the position, such as active or inactive. | D25: POSITION_STATUS_TX | E25: Varchar
A26: 12 | B26: Position Technical | C26: A flag indicating if the position is technical in nature (e.g., "Y" for Yes, "N" for No). | D26: POSITION_TECH_TX | E26: Varchar
A27: 13 | B27: Business Category | C27: The business category or department associated with the position. | D27: BUSINESS_CATEGORY_TX | E27: Varchar
... A43: 30 | B43: Organization Key | C43: System-generated key used to uniquely reference or link organization records across tables | D43: ORG_KEY | E43: Varchar

Sheet 06 - Transactions
B2: Table Level Setting | C2: Values | D2: Description
B3: Table Name | C3: W_HR_ANOMALY_TRANSACTION_F | D3: Physical table name
B4: Database Schema | C4: HC_DR_PBI | D4: Schema name for this table (leave blank for default dbo schema)
B5: Business Name | C5: 06 - Transactions | D5: Display or business name of the table
B6: Granularity | C6: Anomaly transaction level | D6: Indicates what a row represents
B7: Table Description | C7: Contains all transaction records processed in the source system during a single day | D7: Brief description of the contents of this table
B8: Volume | C8: 9,582,296 rows | D8: Current volume in a production environment
B9: Scalability | C9: 5M rows/year | D9: How much table grows per year in a production environment
B10: Source tables | D10: In case this table is formed by multiple source tables, specify them here
B11: Relationships | D11: In case this table is formed by multiple source tables, specify the joins and other conditions to build the table
B13: Business Layer | D13: DWH Layer | K13: ERP Layer
A14: # | B14: Field Name | C14: Description / Dictionary | D14: Field Name | E14: Datatype | F14: Primary Key | G14: Foreign Key | K14: Source Table | L14: Source Field | M14: Logic
A15: 1 | B15: Integration ID | C15: Unique identifier for the row in the table | D15: INTEGRATION_ID | E15: Varchar | F15: Y
A16: 2 | B16: Transaction Integration ID | C16: Unique identifier assigned to each transaction within the system | D16: TRANSACTION_INTEGRATION_ID | E16: Varchar
A17: 3 | B17: Record load date number | C17: Date the record was first loaded into the system (in number type) | D17: RECORD_LOAD_DATE_NR | E17: Int
A18: 4 | B18: Record load date | C18: Date the record was first loaded into the system | D18: RECORD_LOAD_DATE_DT | E18: Date
A19: 5 | B19: Anomaly ID | C19: Unique identifier assigned to each anomaly type within the system | D19: ANOMALY_ID | E19: Int | G19: W_HR_ANOMALY_D
A20: 6 | B20: Employee WID | C20: Unique identifier (warehouse ID) used to link each transaction to the corresponding employee record | D20: EMPLOYEE_WID | E20: Int
A21: 7 | B21: Employee Key | C21: System-generated key used to uniquely reference or link employees across tables | D21: EMPLOYEE_KEY | E21: Varchar
A22: 8 | B22: Employee ID | C22: Unique identifier assigned to each employee within the system | D22: EMP_ID_TX | E22: Varchar | G22: W_HR_EMPLOYEES_D
A23: 9 | B23: Transaction date | C23: Date of the transaction | D23: TRANSACTION_DATE_DT | E23: Date
A24: 10 | B24: Executive flag | C24: Flag to know if the employee is an executive | D24: EXECUTIVE_FL | E24: Varchar
A25: 11 | B25: Current record flag | C25: Flag to know if the transaction row is the current one | D25: CURRENT_RECORD_FL | E25: Varchar
A26: 12 | B26: Position Key | C26: System-generated key used to uniquely reference or link position records across tables | D26: POSITION_KEY | E26: Decimal
A27: 12 | B27: Position ID | C27: Unique identifier assigned to each position within the system | D27: POSITION_ID | E27: Decimal | G27: W_HR_POSITIONS_D
A28: 13 | B28: Application ID | C28: Unique identifier assigned to each application within the system | D28: APPLICATION_ID | E28: Decimal
A29: 14 | B29: Company WID | C29: Unique identifier (warehouse ID) used to link each transaction to the corresponding company record | D29: COMPANY_WID | E29: Varchar
